#Catategories
insert into categories value (1, 'llits');
insert into categories value (default, 'cadires');
insert into categories value (default, 'sofas');
insert into categories value (default, 'emmagatzematge');
insert into categories value (default, 'taules');

#Productes
insert into productes value (1, 'MYDAL', 'Fusta', '300', '1');
insert into productes value (default, 'MILLBERGET', 'Poliéster', '140', '2');
insert into productes value (default, 'FRIHETEN', 'Poliéster', '468', '3');
insert into productes value (default, 'KALLAX', 'Plastic', '50', '4');
insert into productes value (default, 'SANDSBERG', 'Plastic', '301', '5');
insert into productes value (default, 'VITVAL', 'Acer', '12', '1');
insert into productes value (default, 'MARKUS', 'Poliéster', '431', '2');
insert into productes value (default, 'BOLLSTANÄS', 'Poliéster', '478', '3');
insert into productes value (default, 'HYLLIS', 'Acer', '367', '4');
insert into productes value (default, 'EKEDALEN', 'Fusta', '472', '5');
insert into productes value (default, 'TUFFING', 'Acer', '498', '1');
insert into productes value (default, 'UTESPELARE', 'Poliéster', '437', '2');
insert into productes value (default, 'FRIHETEN', 'Poliéster', '92', '3');
insert into productes value (default, 'GNEDBY', 'Plastic', '25', '4');
insert into productes value (default, 'TARSELE', 'Fusta', '431', '5');
insert into productes value (default, 'STORA', 'Fusta', '18', '1');
insert into productes value (default, 'MUREN', 'Poliéster', '37', '2');
insert into productes value (default, 'VINLIDEN', 'Poliéster', '18', '3');
insert into productes value (default, 'RAKKESTAD', 'Fusta', '69', '4');
insert into productes value (default, 'NORDVIKEN', 'Fusta', '53', '5');
insert into productes value (default, 'SMASTAD', 'Fusta', '201', '1');
insert into productes value (default, 'SOLSTA OLARP', 'Poliéster', '343', '2');
insert into productes value (default, 'SÖDERHAMN', 'Poliéster', '17', '3');
insert into productes value (default, 'SMASTAD', 'Fusta', '48', '4');
insert into productes value (default, 'TORSBY', 'Acer', '342', '5');
insert into productes value (default, 'VITVAL', 'Acer', '123', '1');
insert into productes value (default, 'SUNDMO', 'Poliéster', '45', '2');
insert into productes value (default, 'HAUGA', 'Fusta', '321', '4');
insert into productes value (default, 'MICKE', 'Fusta', '15', '5');
insert into productes value (default, 'KVITSÖY', 'Poliéster', '159', '1');
insert into productes value (default, 'TOBIAS', 'Plastic', '357', '2');
insert into productes value (default, 'BRIMNES BURHULT', 'Fusta', '465', '4');
insert into productes value (default, 'LAGKAPTEN ALEX', 'Fusta', '106', '5');
insert into productes value (default, 'TARVA', 'Fusta', '63', '1');
insert into productes value (default, 'BESTA', 'Fusta', '91', '4');
insert into productes value (default, 'MALM', 'Fusta', '38', '5');
insert into productes value (default, 'ASKVOLL', 'Fusta', '15', '1');
insert into productes value (default, 'BESTA', 'Fusta', '79', '4');
insert into productes value (default, 'IDASEN', 'Fusta', '421', '5');
insert into productes value (default, 'NORDLI', 'Fusta', '38', '1');
insert into productes value (default, 'BEKANT', 'Fusta', '421', '5');

#Proveidors
insert into proveidors value ('Z47659021', 'Marpe', 'Madrid', '650976423');
insert into proveidors value ('K90084713', 'MisterWils', 'Lleida', '973681643');
insert into proveidors value ('S98117624', 'Sillatea', 'Barcelona', '634819675');

#Proveeix
insert into proveeix value ('Z47659021', 1);
insert into proveeix value ('S98117624', 2);
insert into proveeix value ('Z47659021', 3);
insert into proveeix value ('K90084713', 4);
insert into proveeix value ('Z47659021', 5);
insert into proveeix value ('S98117624', 6);
insert into proveeix value ('K90084713', 7);
insert into proveeix value ('Z47659021', 8);
insert into proveeix value ('K90084713', 9);
insert into proveeix value ('S98117624', 10);
insert into proveeix value ('K90084713', 11);
insert into proveeix value ('S98117624', 12);
insert into proveeix value ('Z47659021', 13);
insert into proveeix value ('S98117624', 14);
insert into proveeix value ('K90084713', 15);
insert into proveeix value ('K90084713', 16);
insert into proveeix value ('Z47659021', 17);
insert into proveeix value ('Z47659021', 18);
insert into proveeix value ('Z47659021', 19);
insert into proveeix value ('S98117624', 20);
insert into proveeix value ('K90084713', 21);
insert into proveeix value ('K90084713', 22);
insert into proveeix value ('S98117624', 23);
insert into proveeix value ('K90084713', 24);
insert into proveeix value ('Z47659021', 25);
insert into proveeix value ('K90084713', 26);
insert into proveeix value ('S98117624', 27);
insert into proveeix value ('S98117624', 28);
insert into proveeix value ('Z47659021', 29);
insert into proveeix value ('Z47659021', 30);
insert into proveeix value ('K90084713', 31);
insert into proveeix value ('S98117624', 32);
insert into proveeix value ('Z47659021', 33);
insert into proveeix value ('S98117624', 34);
insert into proveeix value ('S98117624', 35);
insert into proveeix value ('K90084713', 36);
insert into proveeix value ('S98117624', 37);
insert into proveeix value ('Z47659021', 38);
insert into proveeix value ('K90084713', 39);
insert into proveeix value ('Z47659021', 40);
insert into proveeix value ('K90084713', 41);
insert into proveeix value ('Z47659021', 9);
insert into proveeix value ('Z47659021', 10);
insert into proveeix value ('Z47659021', 11);
insert into proveeix value ('K90084713', 1);
insert into proveeix value ('K90084713', 2);
insert into proveeix value ('K90084713', 3);
insert into proveeix value ('S98117624', 24);
insert into proveeix value ('S98117624', 25);
insert into proveeix value ('S98117624', 26);

#Semblança
insert into semblança value (1,6);
insert into semblança value (1,11);
insert into semblança value (2,7);
insert into semblança value (2,12);
insert into semblança value (3,8);
insert into semblança value (4,9);
insert into semblança value (4,14);
insert into semblança value (5,10);
insert into semblança value (5,15);
insert into semblança value (5,20);
insert into semblança value (5,25);
insert into semblança value (6,1);
insert into semblança value (6,11);
insert into semblança value (7,2);
insert into semblança value (7,12);
insert into semblança value (8,3);
insert into semblança value (9,4);
insert into semblança value (9,14);
insert into semblança value (10,5);
insert into semblança value (10,15);
insert into semblança value (10,20);
insert into semblança value (10,25);
insert into semblança value (11,1);
insert into semblança value (11,6);
insert into semblança value (12,2);
insert into semblança value (12,7);
insert into semblança value (13,18);
insert into semblança value (14,4);
insert into semblança value (14,9);
insert into semblança value (15,5);
insert into semblança value (15,10);
insert into semblança value (15,20);
insert into semblança value (15,25);
insert into semblança value (16,21);
insert into semblança value (16,26);
insert into semblança value (17,22);
insert into semblança value (18,13);
insert into semblança value (19,24);
insert into semblança value (19,28);
insert into semblança value (20,5);
insert into semblança value (20,10);
insert into semblança value (20,15);
insert into semblança value (20,25);
insert into semblança value (21,16);
insert into semblança value (21,26);
insert into semblança value (22,17);
insert into semblança value (24,19);
insert into semblança value (24,28);
insert into semblança value (25,5);
insert into semblança value (25,10);
insert into semblança value (25,15);
insert into semblança value (25,20);
insert into semblança value (26,16);
insert into semblança value (26,21);
insert into semblança value (27,31);
insert into semblança value (28,19);
insert into semblança value (28,24);
insert into semblança value (29,33);
insert into semblança value (29,36);
insert into semblança value (29,39);
insert into semblança value (29,41);
insert into semblança value (30,34);
insert into semblança value (30,37);
insert into semblança value (30,40);
insert into semblança value (31,27);
insert into semblança value (32,35);
insert into semblança value (32,38);
insert into semblança value (33,29);
insert into semblança value (33,36);
insert into semblança value (33,39);
insert into semblança value (33,41);
insert into semblança value (34,30);
insert into semblança value (34,37);
insert into semblança value (34,40);
insert into semblança value (35,32);
insert into semblança value (35,38);
insert into semblança value (36,29);
insert into semblança value (36,33);
insert into semblança value (36,39);
insert into semblança value (36,41);
insert into semblança value (37,30);
insert into semblança value (37,34);
insert into semblança value (37,40);
insert into semblança value (38,32);
insert into semblança value (38,35);
insert into semblança value (39,29);
insert into semblança value (39,33);
insert into semblança value (39,36);
insert into semblança value (39,41);
insert into semblança value (40,30);
insert into semblança value (40,34);
insert into semblança value (40,37);
insert into semblança value (41,29);
insert into semblança value (41,33);
insert into semblança value (41,36);
insert into semblança value (41,39);

select * from categories;
select * from productes;
select * from proveidors;
select * from proveeix;
select * from semblança;
